url,city,term
"https://www.google.com/maps/search/chicago+illinois+construction+safety/@41.8375,-87.6866,12z/",Chicago,construction safety
"https://www.google.com/maps/search/miami+florida+construction+safety/@25.784,-80.2101,12z/",Miami,construction safety
"https://www.google.com/maps/search/dallas+texas+construction+safety/@32.7935,-96.7667,12z/",Dallas,construction safety
"https://www.google.com/maps/search/philadelphia+pennsylvania+construction+safety/@40.0077,-75.1339,12z/",Philadelphia,construction safety
"https://www.google.com/maps/search/atlanta+georgia+construction+safety/@33.7628,-84.422,12z/",Atlanta,construction safety
"https://www.google.com/maps/search/washington+district+of+columbia+construction+safety/@38.9047,-77.0163,12z/",Washington,construction safety
"https://www.google.com/maps/search/boston+massachusetts+construction+safety/@42.3188,-71.0852,12z/",Boston,construction safety
"https://www.google.com/maps/search/detroit+michigan+construction+safety/@42.3834,-83.1024,12z/",Detroit,construction safety
"https://www.google.com/maps/search/san+francisco+california+construction+safety/@37.7558,-122.4449,12z/",San Francisco,construction safety
"https://www.google.com/maps/search/seattle+washington+construction+safety/@47.6211,-122.3244,12z/",Seattle,construction safety
"https://www.google.com/maps/search/san+diego+california+construction+safety/@32.8313,-117.1222,12z/",San Diego,construction safety
"https://www.google.com/maps/search/minneapolis+minnesota+construction+safety/@44.9635,-93.2678,12z/",Minneapolis,construction safety
"https://www.google.com/maps/search/brooklyn+new+york+construction+safety/@40.6501,-73.9496,12z/",Brooklyn,construction safety
"https://www.google.com/maps/search/denver+colorado+construction+safety/@39.762,-104.8758,12z/",Denver,construction safety
"https://www.google.com/maps/search/queens+new+york+construction+safety/@40.7498,-73.7976,12z/",Queens,construction safety
"https://www.google.com/maps/search/baltimore+maryland+construction+safety/@39.3051,-76.6144,12z/",Baltimore,construction safety
"https://www.google.com/maps/search/las+vegas+nevada+construction+safety/@36.2333,-115.2654,12z/",Las Vegas,construction safety
"https://www.google.com/maps/search/st.+louis+missouri+construction+safety/@38.6359,-90.2451,12z/",St. Louis,construction safety
"https://www.google.com/maps/search/riverside+california+construction+safety/@33.9381,-117.3949,12z/",Riverside,construction safety
"https://www.google.com/maps/search/portland+oregon+construction+safety/@45.5371,-122.65,12z/",Portland,construction safety
"https://www.google.com/maps/search/sacramento+california+construction+safety/@38.5677,-121.4685,12z/",Sacramento,construction safety
"https://www.google.com/maps/search/san+juan+puerto+rico+construction+safety/@18.3985,-66.061,12z/",San Juan,construction safety
"https://www.google.com/maps/search/san+jose+california+construction+safety/@37.3012,-121.848,12z/",San Jose,construction safety
"https://www.google.com/maps/search/cleveland+ohio+construction+safety/@41.4764,-81.6805,12z/",Cleveland,construction safety
"https://www.google.com/maps/search/pittsburgh+pennsylvania+construction+safety/@40.4397,-79.9763,12z/",Pittsburgh,construction safety
"https://www.google.com/maps/search/manhattan+new+york+construction+safety/@40.7834,-73.9662,12z/",Manhattan,construction safety
"https://www.google.com/maps/search/cincinnati+ohio+construction+safety/@39.1413,-84.506,12z/",Cincinnati,construction safety
"https://www.google.com/maps/search/columbus+ohio+construction+safety/@39.9862,-82.9855,12z/",Columbus,construction safety
"https://www.google.com/maps/search/bronx+new+york+construction+safety/@40.8501,-73.8662,12z/",Bronx,construction safety
"https://www.google.com/maps/search/milwaukee+wisconsin+construction+safety/@43.0642,-87.9675,12z/",Milwaukee,construction safety
"https://www.google.com/maps/search/providence+rhode+island+construction+safety/@41.823,-71.4187,12z/",Providence,construction safety
"https://www.google.com/maps/search/richmond+virginia+construction+safety/@37.5295,-77.4756,12z/",Richmond,construction safety
"https://www.google.com/maps/search/bridgeport+connecticut+construction+safety/@41.1918,-73.1954,12z/",Bridgeport,construction safety
"https://www.google.com/maps/search/buffalo+new+york+construction+safety/@42.9018,-78.8487,12z/",Buffalo,construction safety
"https://www.google.com/maps/search/hartford+connecticut+construction+safety/@41.7661,-72.6834,12z/",Hartford,construction safety
"https://www.google.com/maps/search/honolulu+hawaii+construction+safety/@21.3294,-157.846,12z/",Honolulu,construction safety
"https://www.google.com/maps/search/sarasota+florida+construction+safety/@27.3387,-82.5432,12z/",Sarasota,construction safety
"https://www.google.com/maps/search/rochester+new+york+construction+safety/@43.168,-77.6162,12z/",Rochester,construction safety
"https://www.google.com/maps/search/fresno+california+construction+safety/@36.783,-119.7939,12z/",Fresno,construction safety
"https://www.google.com/maps/search/allentown+pennsylvania+construction+safety/@40.5961,-75.4756,12z/",Allentown,construction safety
"https://www.google.com/maps/search/concord+california+construction+safety/@37.9722,-122.0016,12z/",Concord,construction safety
"https://www.google.com/maps/search/springfield+massachusetts+construction+safety/@42.1155,-72.5395,12z/",Springfield,construction safety
"https://www.google.com/maps/search/grand+rapids+michigan+construction+safety/@42.9619,-85.6562,12z/",Grand Rapids,construction safety
"https://www.google.com/maps/search/mission+viejo+california+construction+safety/@33.6096,-117.6551,12z/",Mission Viejo,construction safety
"https://www.google.com/maps/search/albany+new+york+construction+safety/@42.6664,-73.7987,12z/",Albany,construction safety
"https://www.google.com/maps/search/new+haven+connecticut+construction+safety/@41.3113,-72.9246,12z/",New Haven,construction safety
"https://www.google.com/maps/search/worcester+massachusetts+construction+safety/@42.2705,-71.8079,12z/",Worcester,construction safety
"https://www.google.com/maps/search/mesa+arizona+construction+safety/@33.4015,-111.7178,12z/",Mesa,construction safety
"https://www.google.com/maps/search/staten+island+new+york+construction+safety/@40.5834,-74.1496,12z/",Staten Island,construction safety
"https://www.google.com/maps/search/harrisburg+pennsylvania+construction+safety/@40.2752,-76.8843,12z/",Harrisburg,construction safety
"https://www.google.com/maps/search/long+beach+california+construction+safety/@33.7977,-118.167,12z/",Long Beach,construction safety
"https://www.google.com/maps/search/lancaster+pennsylvania+construction+safety/@40.042,-76.3012,12z/",Lancaster,construction safety
"https://www.google.com/maps/search/poughkeepsie+new+york+construction+safety/@41.695,-73.9211,12z/",Poughkeepsie,construction safety
"https://www.google.com/maps/search/oakland+california+construction+safety/@37.7904,-122.2166,12z/",Oakland,construction safety
"https://www.google.com/maps/search/syracuse+new+york+construction+safety/@43.0407,-76.1437,12z/",Syracuse,construction safety
"https://www.google.com/maps/search/arlington+texas+construction+safety/@32.6998,-97.125,12z/",Arlington,construction safety
"https://www.google.com/maps/search/stockton+california+construction+safety/@37.9765,-121.3109,12z/",Stockton,construction safety
"https://www.google.com/maps/search/oxnard+california+construction+safety/@34.1964,-119.1815,12z/",Oxnard,construction safety
"https://www.google.com/maps/search/modesto+california+construction+safety/@37.6375,-121.0028,12z/",Modesto,construction safety
"https://www.google.com/maps/search/anaheim+california+construction+safety/@33.839,-117.8574,12z/",Anaheim,construction safety
"https://www.google.com/maps/search/santa+ana+california+construction+safety/@33.7367,-117.8819,12z/",Santa Ana,construction safety
"https://www.google.com/maps/search/ann+arbor+michigan+construction+safety/@42.2759,-83.731,12z/",Ann Arbor,construction safety
"https://www.google.com/maps/search/santa+rosa+california+construction+safety/@38.4458,-122.7067,12z/",Santa Rosa,construction safety
"https://www.google.com/maps/search/antioch+california+construction+safety/@37.9787,-121.796,12z/",Antioch,construction safety
"https://www.google.com/maps/search/st.+paul+minnesota+construction+safety/@44.9478,-93.1039,12z/",St. Paul,construction safety
"https://www.google.com/maps/search/trenton+new+jersey+construction+safety/@40.2237,-74.7641,12z/",Trenton,construction safety
"https://www.google.com/maps/search/plano+texas+construction+safety/@33.0502,-96.7486,12z/",Plano,construction safety
"https://www.google.com/maps/search/round+lake+beach+illinois+construction+safety/@42.3791,-88.0811,12z/",Round Lake Beach,construction safety
"https://www.google.com/maps/search/newark+new+jersey+construction+safety/@40.7245,-74.1725,12z/",Newark,construction safety
"https://www.google.com/maps/search/reading+pennsylvania+construction+safety/@40.34,-75.9267,12z/",Reading,construction safety
"https://www.google.com/maps/search/irvine+california+construction+safety/@33.6772,-117.7738,12z/",Irvine,construction safety
"https://www.google.com/maps/search/eugene+oregon+construction+safety/@44.0564,-123.1174,12z/",Eugene,construction safety
"https://www.google.com/maps/search/chula+vista+california+construction+safety/@32.6281,-117.0144,12z/",Chula Vista,construction safety
"https://www.google.com/maps/search/st.+petersburg+florida+construction+safety/@27.7931,-82.6652,12z/",St. Petersburg,construction safety
"https://www.google.com/maps/search/jersey+city+new+jersey+construction+safety/@40.7184,-74.0686,12z/",Jersey City,construction safety
"https://www.google.com/maps/search/aguadilla+puerto+rico+construction+safety/@18.4382,-67.1537,12z/",Aguadilla,construction safety
"https://www.google.com/maps/search/chandler+arizona+construction+safety/@33.2825,-111.8514,12z/",Chandler,construction safety
"https://www.google.com/maps/search/glendale+arizona+construction+safety/@33.5791,-112.2311,12z/",Glendale,construction safety
"https://www.google.com/maps/search/norfolk+virginia+construction+safety/@36.8945,-76.259,12z/",Norfolk,construction safety
"https://www.google.com/maps/search/garland+texas+construction+safety/@32.91,-96.6304,12z/",Garland,construction safety
"https://www.google.com/maps/search/york+pennsylvania+construction+safety/@39.9651,-76.7315,12z/",York,construction safety
"https://www.google.com/maps/search/arlington+virginia+construction+safety/@38.8786,-77.1011,12z/",Arlington,construction safety
"https://www.google.com/maps/search/hialeah+florida+construction+safety/@25.8696,-80.3045,12z/",Hialeah,construction safety
"https://www.google.com/maps/search/spring+valley+nevada+construction+safety/@36.0952,-115.2636,12z/",Spring Valley,construction safety
"https://www.google.com/maps/search/tacoma+washington+construction+safety/@47.2431,-122.4531,12z/",Tacoma,construction safety
"https://www.google.com/maps/search/fontana+california+construction+safety/@34.0968,-117.4599,12z/",Fontana,construction safety
"https://www.google.com/maps/search/moreno+valley+california+construction+safety/@33.9244,-117.2045,12z/",Moreno Valley,construction safety
"https://www.google.com/maps/search/santa+barbara+california+construction+safety/@34.4285,-119.7202,12z/",Santa Barbara,construction safety
"https://www.google.com/maps/search/yonkers+new+york+construction+safety/@40.9466,-73.8673,12z/",Yonkers,construction safety
"https://www.google.com/maps/search/huntington+beach+california+construction+safety/@33.696,-118.0018,12z/",Huntington Beach,construction safety
"https://www.google.com/maps/search/glendale+california+construction+safety/@34.1819,-118.2468,12z/",Glendale,construction safety
"https://www.google.com/maps/search/aurora+illinois+construction+safety/@41.7638,-88.2902,12z/",Aurora,construction safety
"https://www.google.com/maps/search/sunrise+manor+nevada+construction+safety/@36.1783,-115.0487,12z/",Sunrise Manor,construction safety
"https://www.google.com/maps/search/paradise+nevada+construction+safety/@36.0872,-115.1355,12z/",Paradise,construction safety
"https://www.google.com/maps/search/tempe+arizona+construction+safety/@33.3881,-111.9319,12z/",Tempe,construction safety
"https://www.google.com/maps/search/salinas+california+construction+safety/@36.6883,-121.6317,12z/",Salinas,construction safety
"https://www.google.com/maps/search/erie+pennsylvania+construction+safety/@42.1167,-80.0733,12z/",Erie,construction safety
"https://www.google.com/maps/search/waterbury+connecticut+construction+safety/@41.5582,-73.0361,12z/",Waterbury,construction safety
"https://www.google.com/maps/search/vancouver+washington+construction+safety/@45.6366,-122.5967,12z/",Vancouver,construction safety
"https://www.google.com/maps/search/fort+lauderdale+florida+construction+safety/@26.1412,-80.1464,12z/",Fort Lauderdale,construction safety
"https://www.google.com/maps/search/rancho+cucamonga+california+construction+safety/@34.1247,-117.5667,12z/",Rancho Cucamonga,construction safety
"https://www.google.com/maps/search/vallejo+california+construction+safety/@38.1125,-122.2342,12z/",Vallejo,construction safety
"https://www.google.com/maps/search/oceanside+california+construction+safety/@33.2247,-117.3083,12z/",Oceanside,construction safety
"https://www.google.com/maps/search/elk+grove+california+construction+safety/@38.4161,-121.3842,12z/",Elk Grove,construction safety
"https://www.google.com/maps/search/garden+grove+california+construction+safety/@33.7787,-117.9601,12z/",Garden Grove,construction safety
"https://www.google.com/maps/search/pembroke+pines+florida+construction+safety/@26.0128,-80.3382,12z/",Pembroke Pines,construction safety
"https://www.google.com/maps/search/corona+california+construction+safety/@33.8616,-117.5649,12z/",Corona,construction safety
"https://www.google.com/maps/search/santa+cruz+california+construction+safety/@36.9789,-122.0346,12z/",Santa Cruz,construction safety
"https://www.google.com/maps/search/alexandria+virginia+construction+safety/@38.8185,-77.0861,12z/",Alexandria,construction safety
"https://www.google.com/maps/search/bayam贸n+puerto+rico+construction+safety/@18.3794,-66.1635,12z/",Bayam贸n,construction safety
"https://www.google.com/maps/search/hollywood+florida+construction+safety/@26.0293,-80.1679,12z/",Hollywood,construction safety
"https://www.google.com/maps/search/champaign+illinois+construction+safety/@40.1142,-88.2737,12z/",Champaign,construction safety
"https://www.google.com/maps/search/sunnyvale+california+construction+safety/@37.3836,-122.0255,12z/",Sunnyvale,construction safety
"https://www.google.com/maps/search/pomona+california+construction+safety/@34.0585,-117.7626,12z/",Pomona,construction safety
"https://www.google.com/maps/search/escondido+california+construction+safety/@33.1348,-117.0723,12z/",Escondido,construction safety
"https://www.google.com/maps/search/new+bedford+massachusetts+construction+safety/@41.6697,-70.9428,12z/",New Bedford,construction safety
"https://www.google.com/maps/search/naperville+illinois+construction+safety/@41.748,-88.1659,12z/",Naperville,construction safety
"https://www.google.com/maps/search/binghamton+new+york+construction+safety/@42.1014,-75.9093,12z/",Binghamton,construction safety
"https://www.google.com/maps/search/bellevue+washington+construction+safety/@47.5951,-122.1535,12z/",Bellevue,construction safety
"https://www.google.com/maps/search/paterson+new+jersey+construction+safety/@40.9147,-74.1624,12z/",Paterson,construction safety
"https://www.google.com/maps/search/torrance+california+construction+safety/@33.8346,-118.3416,12z/",Torrance,construction safety
"https://www.google.com/maps/search/thornton+colorado+construction+safety/@39.9197,-104.9438,12z/",Thornton,construction safety
"https://www.google.com/maps/search/pasadena+california+construction+safety/@34.1597,-118.139,12z/",Pasadena,construction safety
"https://www.google.com/maps/search/fullerton+california+construction+safety/@33.8841,-117.9279,12z/",Fullerton,construction safety
"https://www.google.com/maps/search/miramar+florida+construction+safety/@25.9773,-80.3351,12z/",Miramar,construction safety
"https://www.google.com/maps/search/orange+california+construction+safety/@33.8038,-117.8218,12z/",Orange,construction safety
"https://www.google.com/maps/search/santa+maria+california+construction+safety/@34.9333,-120.4431,12z/",Santa Maria,construction safety
"https://www.google.com/maps/search/metairie+louisiana+construction+safety/@29.9977,-90.178,12z/",Metairie,construction safety
"https://www.google.com/maps/search/carrollton+texas+construction+safety/@32.989,-96.8999,12z/",Carrollton,construction safety
"https://www.google.com/maps/search/west+valley+city+utah+construction+safety/@40.6886,-112.0123,12z/",West Valley City,construction safety
"https://www.google.com/maps/search/racine+wisconsin+construction+safety/@42.7274,-87.8135,12z/",Racine,construction safety
"https://www.google.com/maps/search/carolina+puerto+rico+construction+safety/@18.4054,-65.9792,12z/",Carolina,construction safety
"https://www.google.com/maps/search/warren+michigan+construction+safety/@42.4934,-83.027,12z/",Warren,construction safety
"https://www.google.com/maps/search/coral+springs+florida+construction+safety/@26.2702,-80.2591,12z/",Coral Springs,construction safety
"https://www.google.com/maps/search/sterling+heights+michigan+construction+safety/@42.5809,-83.0305,12z/",Sterling Heights,construction safety
"https://www.google.com/maps/search/kent+washington+construction+safety/@47.3887,-122.2128,12z/",Kent,construction safety
"https://www.google.com/maps/search/elizabeth+new+jersey+construction+safety/@40.6658,-74.1913,12z/",Elizabeth,construction safety
"https://www.google.com/maps/search/santa+clara+california+construction+safety/@37.3646,-121.968,12z/",Santa Clara,construction safety
"https://www.google.com/maps/search/yuba+city+california+construction+safety/@39.1357,-121.6383,12z/",Yuba City,construction safety
"https://www.google.com/maps/search/berkeley+california+construction+safety/@37.8722,-122.276,12z/",Berkeley,construction safety
"https://www.google.com/maps/search/boulder+colorado+construction+safety/@40.0248,-105.2524,12z/",Boulder,construction safety
"https://www.google.com/maps/search/east+los+angeles+california+construction+safety/@34.0326,-118.1691,12z/",East Los Angeles,construction safety
"https://www.google.com/maps/search/chicago+illinois+construction+companies/@41.8375,-87.6866,12z/",Chicago,construction companies
"https://www.google.com/maps/search/miami+florida+construction+companies/@25.784,-80.2101,12z/",Miami,construction companies
"https://www.google.com/maps/search/dallas+texas+construction+companies/@32.7935,-96.7667,12z/",Dallas,construction companies
"https://www.google.com/maps/search/philadelphia+pennsylvania+construction+companies/@40.0077,-75.1339,12z/",Philadelphia,construction companies
"https://www.google.com/maps/search/atlanta+georgia+construction+companies/@33.7628,-84.422,12z/",Atlanta,construction companies
"https://www.google.com/maps/search/washington+district+of+columbia+construction+companies/@38.9047,-77.0163,12z/",Washington,construction companies
"https://www.google.com/maps/search/boston+massachusetts+construction+companies/@42.3188,-71.0852,12z/",Boston,construction companies
"https://www.google.com/maps/search/detroit+michigan+construction+companies/@42.3834,-83.1024,12z/",Detroit,construction companies
"https://www.google.com/maps/search/san+francisco+california+construction+companies/@37.7558,-122.4449,12z/",San Francisco,construction companies
"https://www.google.com/maps/search/seattle+washington+construction+companies/@47.6211,-122.3244,12z/",Seattle,construction companies
"https://www.google.com/maps/search/san+diego+california+construction+companies/@32.8313,-117.1222,12z/",San Diego,construction companies
"https://www.google.com/maps/search/minneapolis+minnesota+construction+companies/@44.9635,-93.2678,12z/",Minneapolis,construction companies
"https://www.google.com/maps/search/brooklyn+new+york+construction+companies/@40.6501,-73.9496,12z/",Brooklyn,construction companies
"https://www.google.com/maps/search/denver+colorado+construction+companies/@39.762,-104.8758,12z/",Denver,construction companies
"https://www.google.com/maps/search/queens+new+york+construction+companies/@40.7498,-73.7976,12z/",Queens,construction companies
"https://www.google.com/maps/search/baltimore+maryland+construction+companies/@39.3051,-76.6144,12z/",Baltimore,construction companies
"https://www.google.com/maps/search/las+vegas+nevada+construction+companies/@36.2333,-115.2654,12z/",Las Vegas,construction companies
"https://www.google.com/maps/search/st.+louis+missouri+construction+companies/@38.6359,-90.2451,12z/",St. Louis,construction companies
"https://www.google.com/maps/search/riverside+california+construction+companies/@33.9381,-117.3949,12z/",Riverside,construction companies
"https://www.google.com/maps/search/portland+oregon+construction+companies/@45.5371,-122.65,12z/",Portland,construction companies
"https://www.google.com/maps/search/sacramento+california+construction+companies/@38.5677,-121.4685,12z/",Sacramento,construction companies
"https://www.google.com/maps/search/san+juan+puerto+rico+construction+companies/@18.3985,-66.061,12z/",San Juan,construction companies
"https://www.google.com/maps/search/san+jose+california+construction+companies/@37.3012,-121.848,12z/",San Jose,construction companies
"https://www.google.com/maps/search/cleveland+ohio+construction+companies/@41.4764,-81.6805,12z/",Cleveland,construction companies
"https://www.google.com/maps/search/pittsburgh+pennsylvania+construction+companies/@40.4397,-79.9763,12z/",Pittsburgh,construction companies
"https://www.google.com/maps/search/manhattan+new+york+construction+companies/@40.7834,-73.9662,12z/",Manhattan,construction companies
"https://www.google.com/maps/search/cincinnati+ohio+construction+companies/@39.1413,-84.506,12z/",Cincinnati,construction companies
"https://www.google.com/maps/search/columbus+ohio+construction+companies/@39.9862,-82.9855,12z/",Columbus,construction companies
"https://www.google.com/maps/search/bronx+new+york+construction+companies/@40.8501,-73.8662,12z/",Bronx,construction companies
"https://www.google.com/maps/search/milwaukee+wisconsin+construction+companies/@43.0642,-87.9675,12z/",Milwaukee,construction companies
"https://www.google.com/maps/search/providence+rhode+island+construction+companies/@41.823,-71.4187,12z/",Providence,construction companies
"https://www.google.com/maps/search/richmond+virginia+construction+companies/@37.5295,-77.4756,12z/",Richmond,construction companies
"https://www.google.com/maps/search/bridgeport+connecticut+construction+companies/@41.1918,-73.1954,12z/",Bridgeport,construction companies
"https://www.google.com/maps/search/buffalo+new+york+construction+companies/@42.9018,-78.8487,12z/",Buffalo,construction companies
"https://www.google.com/maps/search/hartford+connecticut+construction+companies/@41.7661,-72.6834,12z/",Hartford,construction companies
"https://www.google.com/maps/search/honolulu+hawaii+construction+companies/@21.3294,-157.846,12z/",Honolulu,construction companies
"https://www.google.com/maps/search/sarasota+florida+construction+companies/@27.3387,-82.5432,12z/",Sarasota,construction companies
"https://www.google.com/maps/search/rochester+new+york+construction+companies/@43.168,-77.6162,12z/",Rochester,construction companies
"https://www.google.com/maps/search/fresno+california+construction+companies/@36.783,-119.7939,12z/",Fresno,construction companies
"https://www.google.com/maps/search/allentown+pennsylvania+construction+companies/@40.5961,-75.4756,12z/",Allentown,construction companies
"https://www.google.com/maps/search/concord+california+construction+companies/@37.9722,-122.0016,12z/",Concord,construction companies
"https://www.google.com/maps/search/springfield+massachusetts+construction+companies/@42.1155,-72.5395,12z/",Springfield,construction companies
"https://www.google.com/maps/search/grand+rapids+michigan+construction+companies/@42.9619,-85.6562,12z/",Grand Rapids,construction companies
"https://www.google.com/maps/search/mission+viejo+california+construction+companies/@33.6096,-117.6551,12z/",Mission Viejo,construction companies
"https://www.google.com/maps/search/albany+new+york+construction+companies/@42.6664,-73.7987,12z/",Albany,construction companies
"https://www.google.com/maps/search/new+haven+connecticut+construction+companies/@41.3113,-72.9246,12z/",New Haven,construction companies
"https://www.google.com/maps/search/worcester+massachusetts+construction+companies/@42.2705,-71.8079,12z/",Worcester,construction companies
"https://www.google.com/maps/search/mesa+arizona+construction+companies/@33.4015,-111.7178,12z/",Mesa,construction companies
"https://www.google.com/maps/search/staten+island+new+york+construction+companies/@40.5834,-74.1496,12z/",Staten Island,construction companies
"https://www.google.com/maps/search/harrisburg+pennsylvania+construction+companies/@40.2752,-76.8843,12z/",Harrisburg,construction companies
"https://www.google.com/maps/search/long+beach+california+construction+companies/@33.7977,-118.167,12z/",Long Beach,construction companies
"https://www.google.com/maps/search/lancaster+pennsylvania+construction+companies/@40.042,-76.3012,12z/",Lancaster,construction companies
"https://www.google.com/maps/search/poughkeepsie+new+york+construction+companies/@41.695,-73.9211,12z/",Poughkeepsie,construction companies
"https://www.google.com/maps/search/oakland+california+construction+companies/@37.7904,-122.2166,12z/",Oakland,construction companies
"https://www.google.com/maps/search/syracuse+new+york+construction+companies/@43.0407,-76.1437,12z/",Syracuse,construction companies
"https://www.google.com/maps/search/arlington+texas+construction+companies/@32.6998,-97.125,12z/",Arlington,construction companies
"https://www.google.com/maps/search/stockton+california+construction+companies/@37.9765,-121.3109,12z/",Stockton,construction companies
"https://www.google.com/maps/search/oxnard+california+construction+companies/@34.1964,-119.1815,12z/",Oxnard,construction companies
"https://www.google.com/maps/search/modesto+california+construction+companies/@37.6375,-121.0028,12z/",Modesto,construction companies
"https://www.google.com/maps/search/anaheim+california+construction+companies/@33.839,-117.8574,12z/",Anaheim,construction companies
"https://www.google.com/maps/search/santa+ana+california+construction+companies/@33.7367,-117.8819,12z/",Santa Ana,construction companies
"https://www.google.com/maps/search/ann+arbor+michigan+construction+companies/@42.2759,-83.731,12z/",Ann Arbor,construction companies
"https://www.google.com/maps/search/santa+rosa+california+construction+companies/@38.4458,-122.7067,12z/",Santa Rosa,construction companies
"https://www.google.com/maps/search/antioch+california+construction+companies/@37.9787,-121.796,12z/",Antioch,construction companies
"https://www.google.com/maps/search/st.+paul+minnesota+construction+companies/@44.9478,-93.1039,12z/",St. Paul,construction companies
"https://www.google.com/maps/search/trenton+new+jersey+construction+companies/@40.2237,-74.7641,12z/",Trenton,construction companies
"https://www.google.com/maps/search/plano+texas+construction+companies/@33.0502,-96.7486,12z/",Plano,construction companies
"https://www.google.com/maps/search/round+lake+beach+illinois+construction+companies/@42.3791,-88.0811,12z/",Round Lake Beach,construction companies
"https://www.google.com/maps/search/newark+new+jersey+construction+companies/@40.7245,-74.1725,12z/",Newark,construction companies
"https://www.google.com/maps/search/reading+pennsylvania+construction+companies/@40.34,-75.9267,12z/",Reading,construction companies
"https://www.google.com/maps/search/irvine+california+construction+companies/@33.6772,-117.7738,12z/",Irvine,construction companies
"https://www.google.com/maps/search/eugene+oregon+construction+companies/@44.0564,-123.1174,12z/",Eugene,construction companies
"https://www.google.com/maps/search/chula+vista+california+construction+companies/@32.6281,-117.0144,12z/",Chula Vista,construction companies
"https://www.google.com/maps/search/st.+petersburg+florida+construction+companies/@27.7931,-82.6652,12z/",St. Petersburg,construction companies
"https://www.google.com/maps/search/jersey+city+new+jersey+construction+companies/@40.7184,-74.0686,12z/",Jersey City,construction companies
"https://www.google.com/maps/search/aguadilla+puerto+rico+construction+companies/@18.4382,-67.1537,12z/",Aguadilla,construction companies
"https://www.google.com/maps/search/chandler+arizona+construction+companies/@33.2825,-111.8514,12z/",Chandler,construction companies
"https://www.google.com/maps/search/glendale+arizona+construction+companies/@33.5791,-112.2311,12z/",Glendale,construction companies
"https://www.google.com/maps/search/norfolk+virginia+construction+companies/@36.8945,-76.259,12z/",Norfolk,construction companies
"https://www.google.com/maps/search/garland+texas+construction+companies/@32.91,-96.6304,12z/",Garland,construction companies
"https://www.google.com/maps/search/york+pennsylvania+construction+companies/@39.9651,-76.7315,12z/",York,construction companies
"https://www.google.com/maps/search/arlington+virginia+construction+companies/@38.8786,-77.1011,12z/",Arlington,construction companies
"https://www.google.com/maps/search/hialeah+florida+construction+companies/@25.8696,-80.3045,12z/",Hialeah,construction companies
"https://www.google.com/maps/search/spring+valley+nevada+construction+companies/@36.0952,-115.2636,12z/",Spring Valley,construction companies
"https://www.google.com/maps/search/tacoma+washington+construction+companies/@47.2431,-122.4531,12z/",Tacoma,construction companies
"https://www.google.com/maps/search/fontana+california+construction+companies/@34.0968,-117.4599,12z/",Fontana,construction companies
"https://www.google.com/maps/search/moreno+valley+california+construction+companies/@33.9244,-117.2045,12z/",Moreno Valley,construction companies
"https://www.google.com/maps/search/santa+barbara+california+construction+companies/@34.4285,-119.7202,12z/",Santa Barbara,construction companies
"https://www.google.com/maps/search/yonkers+new+york+construction+companies/@40.9466,-73.8673,12z/",Yonkers,construction companies
"https://www.google.com/maps/search/huntington+beach+california+construction+companies/@33.696,-118.0018,12z/",Huntington Beach,construction companies
"https://www.google.com/maps/search/glendale+california+construction+companies/@34.1819,-118.2468,12z/",Glendale,construction companies
"https://www.google.com/maps/search/aurora+illinois+construction+companies/@41.7638,-88.2902,12z/",Aurora,construction companies
"https://www.google.com/maps/search/sunrise+manor+nevada+construction+companies/@36.1783,-115.0487,12z/",Sunrise Manor,construction companies
"https://www.google.com/maps/search/paradise+nevada+construction+companies/@36.0872,-115.1355,12z/",Paradise,construction companies
"https://www.google.com/maps/search/tempe+arizona+construction+companies/@33.3881,-111.9319,12z/",Tempe,construction companies
"https://www.google.com/maps/search/salinas+california+construction+companies/@36.6883,-121.6317,12z/",Salinas,construction companies
"https://www.google.com/maps/search/erie+pennsylvania+construction+companies/@42.1167,-80.0733,12z/",Erie,construction companies
"https://www.google.com/maps/search/waterbury+connecticut+construction+companies/@41.5582,-73.0361,12z/",Waterbury,construction companies
"https://www.google.com/maps/search/vancouver+washington+construction+companies/@45.6366,-122.5967,12z/",Vancouver,construction companies
"https://www.google.com/maps/search/fort+lauderdale+florida+construction+companies/@26.1412,-80.1464,12z/",Fort Lauderdale,construction companies
"https://www.google.com/maps/search/rancho+cucamonga+california+construction+companies/@34.1247,-117.5667,12z/",Rancho Cucamonga,construction companies
"https://www.google.com/maps/search/vallejo+california+construction+companies/@38.1125,-122.2342,12z/",Vallejo,construction companies
"https://www.google.com/maps/search/oceanside+california+construction+companies/@33.2247,-117.3083,12z/",Oceanside,construction companies
"https://www.google.com/maps/search/elk+grove+california+construction+companies/@38.4161,-121.3842,12z/",Elk Grove,construction companies
"https://www.google.com/maps/search/garden+grove+california+construction+companies/@33.7787,-117.9601,12z/",Garden Grove,construction companies
"https://www.google.com/maps/search/pembroke+pines+florida+construction+companies/@26.0128,-80.3382,12z/",Pembroke Pines,construction companies
"https://www.google.com/maps/search/corona+california+construction+companies/@33.8616,-117.5649,12z/",Corona,construction companies
"https://www.google.com/maps/search/santa+cruz+california+construction+companies/@36.9789,-122.0346,12z/",Santa Cruz,construction companies
"https://www.google.com/maps/search/alexandria+virginia+construction+companies/@38.8185,-77.0861,12z/",Alexandria,construction companies
"https://www.google.com/maps/search/bayam贸n+puerto+rico+construction+companies/@18.3794,-66.1635,12z/",Bayam贸n,construction companies
"https://www.google.com/maps/search/hollywood+florida+construction+companies/@26.0293,-80.1679,12z/",Hollywood,construction companies
"https://www.google.com/maps/search/champaign+illinois+construction+companies/@40.1142,-88.2737,12z/",Champaign,construction companies
"https://www.google.com/maps/search/sunnyvale+california+construction+companies/@37.3836,-122.0255,12z/",Sunnyvale,construction companies
"https://www.google.com/maps/search/pomona+california+construction+companies/@34.0585,-117.7626,12z/",Pomona,construction companies
"https://www.google.com/maps/search/escondido+california+construction+companies/@33.1348,-117.0723,12z/",Escondido,construction companies
"https://www.google.com/maps/search/new+bedford+massachusetts+construction+companies/@41.6697,-70.9428,12z/",New Bedford,construction companies
"https://www.google.com/maps/search/naperville+illinois+construction+companies/@41.748,-88.1659,12z/",Naperville,construction companies
"https://www.google.com/maps/search/binghamton+new+york+construction+companies/@42.1014,-75.9093,12z/",Binghamton,construction companies
"https://www.google.com/maps/search/bellevue+washington+construction+companies/@47.5951,-122.1535,12z/",Bellevue,construction companies
"https://www.google.com/maps/search/paterson+new+jersey+construction+companies/@40.9147,-74.1624,12z/",Paterson,construction companies
"https://www.google.com/maps/search/torrance+california+construction+companies/@33.8346,-118.3416,12z/",Torrance,construction companies
"https://www.google.com/maps/search/thornton+colorado+construction+companies/@39.9197,-104.9438,12z/",Thornton,construction companies
"https://www.google.com/maps/search/pasadena+california+construction+companies/@34.1597,-118.139,12z/",Pasadena,construction companies
"https://www.google.com/maps/search/fullerton+california+construction+companies/@33.8841,-117.9279,12z/",Fullerton,construction companies
"https://www.google.com/maps/search/miramar+florida+construction+companies/@25.9773,-80.3351,12z/",Miramar,construction companies
"https://www.google.com/maps/search/orange+california+construction+companies/@33.8038,-117.8218,12z/",Orange,construction companies
"https://www.google.com/maps/search/santa+maria+california+construction+companies/@34.9333,-120.4431,12z/",Santa Maria,construction companies
"https://www.google.com/maps/search/metairie+louisiana+construction+companies/@29.9977,-90.178,12z/",Metairie,construction companies
"https://www.google.com/maps/search/carrollton+texas+construction+companies/@32.989,-96.8999,12z/",Carrollton,construction companies
"https://www.google.com/maps/search/west+valley+city+utah+construction+companies/@40.6886,-112.0123,12z/",West Valley City,construction companies
"https://www.google.com/maps/search/racine+wisconsin+construction+companies/@42.7274,-87.8135,12z/",Racine,construction companies
"https://www.google.com/maps/search/carolina+puerto+rico+construction+companies/@18.4054,-65.9792,12z/",Carolina,construction companies
"https://www.google.com/maps/search/warren+michigan+construction+companies/@42.4934,-83.027,12z/",Warren,construction companies
"https://www.google.com/maps/search/coral+springs+florida+construction+companies/@26.2702,-80.2591,12z/",Coral Springs,construction companies
"https://www.google.com/maps/search/sterling+heights+michigan+construction+companies/@42.5809,-83.0305,12z/",Sterling Heights,construction companies
"https://www.google.com/maps/search/kent+washington+construction+companies/@47.3887,-122.2128,12z/",Kent,construction companies
"https://www.google.com/maps/search/elizabeth+new+jersey+construction+companies/@40.6658,-74.1913,12z/",Elizabeth,construction companies
"https://www.google.com/maps/search/santa+clara+california+construction+companies/@37.3646,-121.968,12z/",Santa Clara,construction companies
"https://www.google.com/maps/search/yuba+city+california+construction+companies/@39.1357,-121.6383,12z/",Yuba City,construction companies
"https://www.google.com/maps/search/berkeley+california+construction+companies/@37.8722,-122.276,12z/",Berkeley,construction companies
"https://www.google.com/maps/search/boulder+colorado+construction+companies/@40.0248,-105.2524,12z/",Boulder,construction companies
"https://www.google.com/maps/search/east+los+angeles+california+construction+companies/@34.0326,-118.1691,12z/",East Los Angeles,construction companies
"https://www.google.com/maps/search/chicago+illinois+contractors/@41.8375,-87.6866,12z/",Chicago,contractors
"https://www.google.com/maps/search/miami+florida+contractors/@25.784,-80.2101,12z/",Miami,contractors
"https://www.google.com/maps/search/dallas+texas+contractors/@32.7935,-96.7667,12z/",Dallas,contractors
"https://www.google.com/maps/search/philadelphia+pennsylvania+contractors/@40.0077,-75.1339,12z/",Philadelphia,contractors
"https://www.google.com/maps/search/atlanta+georgia+contractors/@33.7628,-84.422,12z/",Atlanta,contractors
"https://www.google.com/maps/search/washington+district+of+columbia+contractors/@38.9047,-77.0163,12z/",Washington,contractors
"https://www.google.com/maps/search/boston+massachusetts+contractors/@42.3188,-71.0852,12z/",Boston,contractors
"https://www.google.com/maps/search/detroit+michigan+contractors/@42.3834,-83.1024,12z/",Detroit,contractors
"https://www.google.com/maps/search/san+francisco+california+contractors/@37.7558,-122.4449,12z/",San Francisco,contractors
"https://www.google.com/maps/search/seattle+washington+contractors/@47.6211,-122.3244,12z/",Seattle,contractors
"https://www.google.com/maps/search/san+diego+california+contractors/@32.8313,-117.1222,12z/",San Diego,contractors
"https://www.google.com/maps/search/minneapolis+minnesota+contractors/@44.9635,-93.2678,12z/",Minneapolis,contractors
"https://www.google.com/maps/search/brooklyn+new+york+contractors/@40.6501,-73.9496,12z/",Brooklyn,contractors
"https://www.google.com/maps/search/denver+colorado+contractors/@39.762,-104.8758,12z/",Denver,contractors
"https://www.google.com/maps/search/queens+new+york+contractors/@40.7498,-73.7976,12z/",Queens,contractors
"https://www.google.com/maps/search/baltimore+maryland+contractors/@39.3051,-76.6144,12z/",Baltimore,contractors
"https://www.google.com/maps/search/las+vegas+nevada+contractors/@36.2333,-115.2654,12z/",Las Vegas,contractors
"https://www.google.com/maps/search/st.+louis+missouri+contractors/@38.6359,-90.2451,12z/",St. Louis,contractors
"https://www.google.com/maps/search/riverside+california+contractors/@33.9381,-117.3949,12z/",Riverside,contractors
"https://www.google.com/maps/search/portland+oregon+contractors/@45.5371,-122.65,12z/",Portland,contractors
"https://www.google.com/maps/search/sacramento+california+contractors/@38.5677,-121.4685,12z/",Sacramento,contractors
"https://www.google.com/maps/search/san+juan+puerto+rico+contractors/@18.3985,-66.061,12z/",San Juan,contractors
"https://www.google.com/maps/search/san+jose+california+contractors/@37.3012,-121.848,12z/",San Jose,contractors
"https://www.google.com/maps/search/cleveland+ohio+contractors/@41.4764,-81.6805,12z/",Cleveland,contractors
"https://www.google.com/maps/search/pittsburgh+pennsylvania+contractors/@40.4397,-79.9763,12z/",Pittsburgh,contractors
"https://www.google.com/maps/search/manhattan+new+york+contractors/@40.7834,-73.9662,12z/",Manhattan,contractors
"https://www.google.com/maps/search/cincinnati+ohio+contractors/@39.1413,-84.506,12z/",Cincinnati,contractors
"https://www.google.com/maps/search/columbus+ohio+contractors/@39.9862,-82.9855,12z/",Columbus,contractors
"https://www.google.com/maps/search/bronx+new+york+contractors/@40.8501,-73.8662,12z/",Bronx,contractors
"https://www.google.com/maps/search/milwaukee+wisconsin+contractors/@43.0642,-87.9675,12z/",Milwaukee,contractors
"https://www.google.com/maps/search/providence+rhode+island+contractors/@41.823,-71.4187,12z/",Providence,contractors
"https://www.google.com/maps/search/richmond+virginia+contractors/@37.5295,-77.4756,12z/",Richmond,contractors
"https://www.google.com/maps/search/bridgeport+connecticut+contractors/@41.1918,-73.1954,12z/",Bridgeport,contractors
"https://www.google.com/maps/search/buffalo+new+york+contractors/@42.9018,-78.8487,12z/",Buffalo,contractors
"https://www.google.com/maps/search/hartford+connecticut+contractors/@41.7661,-72.6834,12z/",Hartford,contractors
"https://www.google.com/maps/search/honolulu+hawaii+contractors/@21.3294,-157.846,12z/",Honolulu,contractors
"https://www.google.com/maps/search/sarasota+florida+contractors/@27.3387,-82.5432,12z/",Sarasota,contractors
"https://www.google.com/maps/search/rochester+new+york+contractors/@43.168,-77.6162,12z/",Rochester,contractors
"https://www.google.com/maps/search/fresno+california+contractors/@36.783,-119.7939,12z/",Fresno,contractors
"https://www.google.com/maps/search/allentown+pennsylvania+contractors/@40.5961,-75.4756,12z/",Allentown,contractors
"https://www.google.com/maps/search/concord+california+contractors/@37.9722,-122.0016,12z/",Concord,contractors
"https://www.google.com/maps/search/springfield+massachusetts+contractors/@42.1155,-72.5395,12z/",Springfield,contractors
"https://www.google.com/maps/search/grand+rapids+michigan+contractors/@42.9619,-85.6562,12z/",Grand Rapids,contractors
"https://www.google.com/maps/search/mission+viejo+california+contractors/@33.6096,-117.6551,12z/",Mission Viejo,contractors
"https://www.google.com/maps/search/albany+new+york+contractors/@42.6664,-73.7987,12z/",Albany,contractors
"https://www.google.com/maps/search/new+haven+connecticut+contractors/@41.3113,-72.9246,12z/",New Haven,contractors
"https://www.google.com/maps/search/worcester+massachusetts+contractors/@42.2705,-71.8079,12z/",Worcester,contractors
"https://www.google.com/maps/search/mesa+arizona+contractors/@33.4015,-111.7178,12z/",Mesa,contractors
"https://www.google.com/maps/search/staten+island+new+york+contractors/@40.5834,-74.1496,12z/",Staten Island,contractors
"https://www.google.com/maps/search/harrisburg+pennsylvania+contractors/@40.2752,-76.8843,12z/",Harrisburg,contractors
"https://www.google.com/maps/search/long+beach+california+contractors/@33.7977,-118.167,12z/",Long Beach,contractors
"https://www.google.com/maps/search/lancaster+pennsylvania+contractors/@40.042,-76.3012,12z/",Lancaster,contractors
"https://www.google.com/maps/search/poughkeepsie+new+york+contractors/@41.695,-73.9211,12z/",Poughkeepsie,contractors
"https://www.google.com/maps/search/oakland+california+contractors/@37.7904,-122.2166,12z/",Oakland,contractors
"https://www.google.com/maps/search/syracuse+new+york+contractors/@43.0407,-76.1437,12z/",Syracuse,contractors
"https://www.google.com/maps/search/arlington+texas+contractors/@32.6998,-97.125,12z/",Arlington,contractors
"https://www.google.com/maps/search/stockton+california+contractors/@37.9765,-121.3109,12z/",Stockton,contractors
"https://www.google.com/maps/search/oxnard+california+contractors/@34.1964,-119.1815,12z/",Oxnard,contractors
"https://www.google.com/maps/search/modesto+california+contractors/@37.6375,-121.0028,12z/",Modesto,contractors
"https://www.google.com/maps/search/anaheim+california+contractors/@33.839,-117.8574,12z/",Anaheim,contractors
"https://www.google.com/maps/search/santa+ana+california+contractors/@33.7367,-117.8819,12z/",Santa Ana,contractors
"https://www.google.com/maps/search/ann+arbor+michigan+contractors/@42.2759,-83.731,12z/",Ann Arbor,contractors
"https://www.google.com/maps/search/santa+rosa+california+contractors/@38.4458,-122.7067,12z/",Santa Rosa,contractors
"https://www.google.com/maps/search/antioch+california+contractors/@37.9787,-121.796,12z/",Antioch,contractors
"https://www.google.com/maps/search/st.+paul+minnesota+contractors/@44.9478,-93.1039,12z/",St. Paul,contractors
"https://www.google.com/maps/search/trenton+new+jersey+contractors/@40.2237,-74.7641,12z/",Trenton,contractors
"https://www.google.com/maps/search/plano+texas+contractors/@33.0502,-96.7486,12z/",Plano,contractors
"https://www.google.com/maps/search/round+lake+beach+illinois+contractors/@42.3791,-88.0811,12z/",Round Lake Beach,contractors
"https://www.google.com/maps/search/newark+new+jersey+contractors/@40.7245,-74.1725,12z/",Newark,contractors
"https://www.google.com/maps/search/reading+pennsylvania+contractors/@40.34,-75.9267,12z/",Reading,contractors
"https://www.google.com/maps/search/irvine+california+contractors/@33.6772,-117.7738,12z/",Irvine,contractors
"https://www.google.com/maps/search/eugene+oregon+contractors/@44.0564,-123.1174,12z/",Eugene,contractors
"https://www.google.com/maps/search/chula+vista+california+contractors/@32.6281,-117.0144,12z/",Chula Vista,contractors
"https://www.google.com/maps/search/st.+petersburg+florida+contractors/@27.7931,-82.6652,12z/",St. Petersburg,contractors
"https://www.google.com/maps/search/jersey+city+new+jersey+contractors/@40.7184,-74.0686,12z/",Jersey City,contractors
"https://www.google.com/maps/search/aguadilla+puerto+rico+contractors/@18.4382,-67.1537,12z/",Aguadilla,contractors
"https://www.google.com/maps/search/chandler+arizona+contractors/@33.2825,-111.8514,12z/",Chandler,contractors
"https://www.google.com/maps/search/glendale+arizona+contractors/@33.5791,-112.2311,12z/",Glendale,contractors
"https://www.google.com/maps/search/norfolk+virginia+contractors/@36.8945,-76.259,12z/",Norfolk,contractors
"https://www.google.com/maps/search/garland+texas+contractors/@32.91,-96.6304,12z/",Garland,contractors
"https://www.google.com/maps/search/york+pennsylvania+contractors/@39.9651,-76.7315,12z/",York,contractors
"https://www.google.com/maps/search/arlington+virginia+contractors/@38.8786,-77.1011,12z/",Arlington,contractors
"https://www.google.com/maps/search/hialeah+florida+contractors/@25.8696,-80.3045,12z/",Hialeah,contractors
"https://www.google.com/maps/search/spring+valley+nevada+contractors/@36.0952,-115.2636,12z/",Spring Valley,contractors
"https://www.google.com/maps/search/tacoma+washington+contractors/@47.2431,-122.4531,12z/",Tacoma,contractors
"https://www.google.com/maps/search/fontana+california+contractors/@34.0968,-117.4599,12z/",Fontana,contractors
"https://www.google.com/maps/search/moreno+valley+california+contractors/@33.9244,-117.2045,12z/",Moreno Valley,contractors
"https://www.google.com/maps/search/santa+barbara+california+contractors/@34.4285,-119.7202,12z/",Santa Barbara,contractors
"https://www.google.com/maps/search/yonkers+new+york+contractors/@40.9466,-73.8673,12z/",Yonkers,contractors
"https://www.google.com/maps/search/huntington+beach+california+contractors/@33.696,-118.0018,12z/",Huntington Beach,contractors
"https://www.google.com/maps/search/glendale+california+contractors/@34.1819,-118.2468,12z/",Glendale,contractors
"https://www.google.com/maps/search/aurora+illinois+contractors/@41.7638,-88.2902,12z/",Aurora,contractors
"https://www.google.com/maps/search/sunrise+manor+nevada+contractors/@36.1783,-115.0487,12z/",Sunrise Manor,contractors
"https://www.google.com/maps/search/paradise+nevada+contractors/@36.0872,-115.1355,12z/",Paradise,contractors
"https://www.google.com/maps/search/tempe+arizona+contractors/@33.3881,-111.9319,12z/",Tempe,contractors
"https://www.google.com/maps/search/salinas+california+contractors/@36.6883,-121.6317,12z/",Salinas,contractors
"https://www.google.com/maps/search/erie+pennsylvania+contractors/@42.1167,-80.0733,12z/",Erie,contractors
"https://www.google.com/maps/search/waterbury+connecticut+contractors/@41.5582,-73.0361,12z/",Waterbury,contractors
"https://www.google.com/maps/search/vancouver+washington+contractors/@45.6366,-122.5967,12z/",Vancouver,contractors
"https://www.google.com/maps/search/fort+lauderdale+florida+contractors/@26.1412,-80.1464,12z/",Fort Lauderdale,contractors
"https://www.google.com/maps/search/rancho+cucamonga+california+contractors/@34.1247,-117.5667,12z/",Rancho Cucamonga,contractors
"https://www.google.com/maps/search/vallejo+california+contractors/@38.1125,-122.2342,12z/",Vallejo,contractors
"https://www.google.com/maps/search/oceanside+california+contractors/@33.2247,-117.3083,12z/",Oceanside,contractors
"https://www.google.com/maps/search/elk+grove+california+contractors/@38.4161,-121.3842,12z/",Elk Grove,contractors
"https://www.google.com/maps/search/garden+grove+california+contractors/@33.7787,-117.9601,12z/",Garden Grove,contractors
"https://www.google.com/maps/search/pembroke+pines+florida+contractors/@26.0128,-80.3382,12z/",Pembroke Pines,contractors
"https://www.google.com/maps/search/corona+california+contractors/@33.8616,-117.5649,12z/",Corona,contractors
"https://www.google.com/maps/search/santa+cruz+california+contractors/@36.9789,-122.0346,12z/",Santa Cruz,contractors
"https://www.google.com/maps/search/alexandria+virginia+contractors/@38.8185,-77.0861,12z/",Alexandria,contractors
"https://www.google.com/maps/search/bayam贸n+puerto+rico+contractors/@18.3794,-66.1635,12z/",Bayam贸n,contractors
"https://www.google.com/maps/search/hollywood+florida+contractors/@26.0293,-80.1679,12z/",Hollywood,contractors
"https://www.google.com/maps/search/champaign+illinois+contractors/@40.1142,-88.2737,12z/",Champaign,contractors
"https://www.google.com/maps/search/sunnyvale+california+contractors/@37.3836,-122.0255,12z/",Sunnyvale,contractors
"https://www.google.com/maps/search/pomona+california+contractors/@34.0585,-117.7626,12z/",Pomona,contractors
"https://www.google.com/maps/search/escondido+california+contractors/@33.1348,-117.0723,12z/",Escondido,contractors
"https://www.google.com/maps/search/new+bedford+massachusetts+contractors/@41.6697,-70.9428,12z/",New Bedford,contractors
"https://www.google.com/maps/search/naperville+illinois+contractors/@41.748,-88.1659,12z/",Naperville,contractors
"https://www.google.com/maps/search/binghamton+new+york+contractors/@42.1014,-75.9093,12z/",Binghamton,contractors
"https://www.google.com/maps/search/bellevue+washington+contractors/@47.5951,-122.1535,12z/",Bellevue,contractors
"https://www.google.com/maps/search/paterson+new+jersey+contractors/@40.9147,-74.1624,12z/",Paterson,contractors
"https://www.google.com/maps/search/torrance+california+contractors/@33.8346,-118.3416,12z/",Torrance,contractors
"https://www.google.com/maps/search/thornton+colorado+contractors/@39.9197,-104.9438,12z/",Thornton,contractors
"https://www.google.com/maps/search/pasadena+california+contractors/@34.1597,-118.139,12z/",Pasadena,contractors
"https://www.google.com/maps/search/fullerton+california+contractors/@33.8841,-117.9279,12z/",Fullerton,contractors
"https://www.google.com/maps/search/miramar+florida+contractors/@25.9773,-80.3351,12z/",Miramar,contractors
"https://www.google.com/maps/search/orange+california+contractors/@33.8038,-117.8218,12z/",Orange,contractors
"https://www.google.com/maps/search/santa+maria+california+contractors/@34.9333,-120.4431,12z/",Santa Maria,contractors
"https://www.google.com/maps/search/metairie+louisiana+contractors/@29.9977,-90.178,12z/",Metairie,contractors
"https://www.google.com/maps/search/carrollton+texas+contractors/@32.989,-96.8999,12z/",Carrollton,contractors
"https://www.google.com/maps/search/west+valley+city+utah+contractors/@40.6886,-112.0123,12z/",West Valley City,contractors
"https://www.google.com/maps/search/racine+wisconsin+contractors/@42.7274,-87.8135,12z/",Racine,contractors
"https://www.google.com/maps/search/carolina+puerto+rico+contractors/@18.4054,-65.9792,12z/",Carolina,contractors
"https://www.google.com/maps/search/warren+michigan+contractors/@42.4934,-83.027,12z/",Warren,contractors
"https://www.google.com/maps/search/coral+springs+florida+contractors/@26.2702,-80.2591,12z/",Coral Springs,contractors
"https://www.google.com/maps/search/sterling+heights+michigan+contractors/@42.5809,-83.0305,12z/",Sterling Heights,contractors
"https://www.google.com/maps/search/kent+washington+contractors/@47.3887,-122.2128,12z/",Kent,contractors
"https://www.google.com/maps/search/elizabeth+new+jersey+contractors/@40.6658,-74.1913,12z/",Elizabeth,contractors
"https://www.google.com/maps/search/santa+clara+california+contractors/@37.3646,-121.968,12z/",Santa Clara,contractors
"https://www.google.com/maps/search/yuba+city+california+contractors/@39.1357,-121.6383,12z/",Yuba City,contractors
"https://www.google.com/maps/search/berkeley+california+contractors/@37.8722,-122.276,12z/",Berkeley,contractors
"https://www.google.com/maps/search/boulder+colorado+contractors/@40.0248,-105.2524,12z/",Boulder,contractors
"https://www.google.com/maps/search/east+los+angeles+california+contractors/@34.0326,-118.1691,12z/",East Los Angeles,contractors
"https://www.google.com/maps/search/chicago+illinois+roofing+companies/@41.8375,-87.6866,12z/",Chicago,roofing companies
"https://www.google.com/maps/search/miami+florida+roofing+companies/@25.784,-80.2101,12z/",Miami,roofing companies
"https://www.google.com/maps/search/dallas+texas+roofing+companies/@32.7935,-96.7667,12z/",Dallas,roofing companies
"https://www.google.com/maps/search/philadelphia+pennsylvania+roofing+companies/@40.0077,-75.1339,12z/",Philadelphia,roofing companies
"https://www.google.com/maps/search/atlanta+georgia+roofing+companies/@33.7628,-84.422,12z/",Atlanta,roofing companies
"https://www.google.com/maps/search/washington+district+of+columbia+roofing+companies/@38.9047,-77.0163,12z/",Washington,roofing companies
"https://www.google.com/maps/search/boston+massachusetts+roofing+companies/@42.3188,-71.0852,12z/",Boston,roofing companies
"https://www.google.com/maps/search/detroit+michigan+roofing+companies/@42.3834,-83.1024,12z/",Detroit,roofing companies
"https://www.google.com/maps/search/san+francisco+california+roofing+companies/@37.7558,-122.4449,12z/",San Francisco,roofing companies
"https://www.google.com/maps/search/seattle+washington+roofing+companies/@47.6211,-122.3244,12z/",Seattle,roofing companies
"https://www.google.com/maps/search/san+diego+california+roofing+companies/@32.8313,-117.1222,12z/",San Diego,roofing companies
"https://www.google.com/maps/search/minneapolis+minnesota+roofing+companies/@44.9635,-93.2678,12z/",Minneapolis,roofing companies
"https://www.google.com/maps/search/brooklyn+new+york+roofing+companies/@40.6501,-73.9496,12z/",Brooklyn,roofing companies
"https://www.google.com/maps/search/denver+colorado+roofing+companies/@39.762,-104.8758,12z/",Denver,roofing companies
"https://www.google.com/maps/search/queens+new+york+roofing+companies/@40.7498,-73.7976,12z/",Queens,roofing companies
"https://www.google.com/maps/search/baltimore+maryland+roofing+companies/@39.3051,-76.6144,12z/",Baltimore,roofing companies
"https://www.google.com/maps/search/las+vegas+nevada+roofing+companies/@36.2333,-115.2654,12z/",Las Vegas,roofing companies
"https://www.google.com/maps/search/st.+louis+missouri+roofing+companies/@38.6359,-90.2451,12z/",St. Louis,roofing companies
"https://www.google.com/maps/search/riverside+california+roofing+companies/@33.9381,-117.3949,12z/",Riverside,roofing companies
"https://www.google.com/maps/search/portland+oregon+roofing+companies/@45.5371,-122.65,12z/",Portland,roofing companies
"https://www.google.com/maps/search/sacramento+california+roofing+companies/@38.5677,-121.4685,12z/",Sacramento,roofing companies
"https://www.google.com/maps/search/san+juan+puerto+rico+roofing+companies/@18.3985,-66.061,12z/",San Juan,roofing companies
"https://www.google.com/maps/search/san+jose+california+roofing+companies/@37.3012,-121.848,12z/",San Jose,roofing companies
"https://www.google.com/maps/search/cleveland+ohio+roofing+companies/@41.4764,-81.6805,12z/",Cleveland,roofing companies
"https://www.google.com/maps/search/pittsburgh+pennsylvania+roofing+companies/@40.4397,-79.9763,12z/",Pittsburgh,roofing companies
"https://www.google.com/maps/search/manhattan+new+york+roofing+companies/@40.7834,-73.9662,12z/",Manhattan,roofing companies
"https://www.google.com/maps/search/cincinnati+ohio+roofing+companies/@39.1413,-84.506,12z/",Cincinnati,roofing companies
"https://www.google.com/maps/search/columbus+ohio+roofing+companies/@39.9862,-82.9855,12z/",Columbus,roofing companies
"https://www.google.com/maps/search/bronx+new+york+roofing+companies/@40.8501,-73.8662,12z/",Bronx,roofing companies
"https://www.google.com/maps/search/milwaukee+wisconsin+roofing+companies/@43.0642,-87.9675,12z/",Milwaukee,roofing companies
"https://www.google.com/maps/search/providence+rhode+island+roofing+companies/@41.823,-71.4187,12z/",Providence,roofing companies
"https://www.google.com/maps/search/richmond+virginia+roofing+companies/@37.5295,-77.4756,12z/",Richmond,roofing companies
"https://www.google.com/maps/search/bridgeport+connecticut+roofing+companies/@41.1918,-73.1954,12z/",Bridgeport,roofing companies
"https://www.google.com/maps/search/buffalo+new+york+roofing+companies/@42.9018,-78.8487,12z/",Buffalo,roofing companies
"https://www.google.com/maps/search/hartford+connecticut+roofing+companies/@41.7661,-72.6834,12z/",Hartford,roofing companies
"https://www.google.com/maps/search/honolulu+hawaii+roofing+companies/@21.3294,-157.846,12z/",Honolulu,roofing companies
"https://www.google.com/maps/search/sarasota+florida+roofing+companies/@27.3387,-82.5432,12z/",Sarasota,roofing companies
"https://www.google.com/maps/search/rochester+new+york+roofing+companies/@43.168,-77.6162,12z/",Rochester,roofing companies
"https://www.google.com/maps/search/fresno+california+roofing+companies/@36.783,-119.7939,12z/",Fresno,roofing companies
"https://www.google.com/maps/search/allentown+pennsylvania+roofing+companies/@40.5961,-75.4756,12z/",Allentown,roofing companies
"https://www.google.com/maps/search/concord+california+roofing+companies/@37.9722,-122.0016,12z/",Concord,roofing companies
"https://www.google.com/maps/search/springfield+massachusetts+roofing+companies/@42.1155,-72.5395,12z/",Springfield,roofing companies
"https://www.google.com/maps/search/grand+rapids+michigan+roofing+companies/@42.9619,-85.6562,12z/",Grand Rapids,roofing companies
"https://www.google.com/maps/search/mission+viejo+california+roofing+companies/@33.6096,-117.6551,12z/",Mission Viejo,roofing companies
"https://www.google.com/maps/search/albany+new+york+roofing+companies/@42.6664,-73.7987,12z/",Albany,roofing companies
"https://www.google.com/maps/search/new+haven+connecticut+roofing+companies/@41.3113,-72.9246,12z/",New Haven,roofing companies
"https://www.google.com/maps/search/worcester+massachusetts+roofing+companies/@42.2705,-71.8079,12z/",Worcester,roofing companies
"https://www.google.com/maps/search/mesa+arizona+roofing+companies/@33.4015,-111.7178,12z/",Mesa,roofing companies
"https://www.google.com/maps/search/staten+island+new+york+roofing+companies/@40.5834,-74.1496,12z/",Staten Island,roofing companies
"https://www.google.com/maps/search/harrisburg+pennsylvania+roofing+companies/@40.2752,-76.8843,12z/",Harrisburg,roofing companies
"https://www.google.com/maps/search/long+beach+california+roofing+companies/@33.7977,-118.167,12z/",Long Beach,roofing companies
"https://www.google.com/maps/search/lancaster+pennsylvania+roofing+companies/@40.042,-76.3012,12z/",Lancaster,roofing companies
"https://www.google.com/maps/search/poughkeepsie+new+york+roofing+companies/@41.695,-73.9211,12z/",Poughkeepsie,roofing companies
"https://www.google.com/maps/search/oakland+california+roofing+companies/@37.7904,-122.2166,12z/",Oakland,roofing companies
"https://www.google.com/maps/search/syracuse+new+york+roofing+companies/@43.0407,-76.1437,12z/",Syracuse,roofing companies
"https://www.google.com/maps/search/arlington+texas+roofing+companies/@32.6998,-97.125,12z/",Arlington,roofing companies
"https://www.google.com/maps/search/stockton+california+roofing+companies/@37.9765,-121.3109,12z/",Stockton,roofing companies
"https://www.google.com/maps/search/oxnard+california+roofing+companies/@34.1964,-119.1815,12z/",Oxnard,roofing companies
"https://www.google.com/maps/search/modesto+california+roofing+companies/@37.6375,-121.0028,12z/",Modesto,roofing companies
"https://www.google.com/maps/search/anaheim+california+roofing+companies/@33.839,-117.8574,12z/",Anaheim,roofing companies
"https://www.google.com/maps/search/santa+ana+california+roofing+companies/@33.7367,-117.8819,12z/",Santa Ana,roofing companies
"https://www.google.com/maps/search/ann+arbor+michigan+roofing+companies/@42.2759,-83.731,12z/",Ann Arbor,roofing companies
"https://www.google.com/maps/search/santa+rosa+california+roofing+companies/@38.4458,-122.7067,12z/",Santa Rosa,roofing companies
"https://www.google.com/maps/search/antioch+california+roofing+companies/@37.9787,-121.796,12z/",Antioch,roofing companies
"https://www.google.com/maps/search/st.+paul+minnesota+roofing+companies/@44.9478,-93.1039,12z/",St. Paul,roofing companies
"https://www.google.com/maps/search/trenton+new+jersey+roofing+companies/@40.2237,-74.7641,12z/",Trenton,roofing companies
"https://www.google.com/maps/search/plano+texas+roofing+companies/@33.0502,-96.7486,12z/",Plano,roofing companies
"https://www.google.com/maps/search/round+lake+beach+illinois+roofing+companies/@42.3791,-88.0811,12z/",Round Lake Beach,roofing companies
"https://www.google.com/maps/search/newark+new+jersey+roofing+companies/@40.7245,-74.1725,12z/",Newark,roofing companies
"https://www.google.com/maps/search/reading+pennsylvania+roofing+companies/@40.34,-75.9267,12z/",Reading,roofing companies
"https://www.google.com/maps/search/irvine+california+roofing+companies/@33.6772,-117.7738,12z/",Irvine,roofing companies
"https://www.google.com/maps/search/eugene+oregon+roofing+companies/@44.0564,-123.1174,12z/",Eugene,roofing companies
"https://www.google.com/maps/search/chula+vista+california+roofing+companies/@32.6281,-117.0144,12z/",Chula Vista,roofing companies
"https://www.google.com/maps/search/st.+petersburg+florida+roofing+companies/@27.7931,-82.6652,12z/",St. Petersburg,roofing companies
"https://www.google.com/maps/search/jersey+city+new+jersey+roofing+companies/@40.7184,-74.0686,12z/",Jersey City,roofing companies
"https://www.google.com/maps/search/aguadilla+puerto+rico+roofing+companies/@18.4382,-67.1537,12z/",Aguadilla,roofing companies
"https://www.google.com/maps/search/chandler+arizona+roofing+companies/@33.2825,-111.8514,12z/",Chandler,roofing companies
"https://www.google.com/maps/search/glendale+arizona+roofing+companies/@33.5791,-112.2311,12z/",Glendale,roofing companies
"https://www.google.com/maps/search/norfolk+virginia+roofing+companies/@36.8945,-76.259,12z/",Norfolk,roofing companies
"https://www.google.com/maps/search/garland+texas+roofing+companies/@32.91,-96.6304,12z/",Garland,roofing companies
"https://www.google.com/maps/search/york+pennsylvania+roofing+companies/@39.9651,-76.7315,12z/",York,roofing companies
"https://www.google.com/maps/search/arlington+virginia+roofing+companies/@38.8786,-77.1011,12z/",Arlington,roofing companies
"https://www.google.com/maps/search/hialeah+florida+roofing+companies/@25.8696,-80.3045,12z/",Hialeah,roofing companies
"https://www.google.com/maps/search/spring+valley+nevada+roofing+companies/@36.0952,-115.2636,12z/",Spring Valley,roofing companies
"https://www.google.com/maps/search/tacoma+washington+roofing+companies/@47.2431,-122.4531,12z/",Tacoma,roofing companies
"https://www.google.com/maps/search/fontana+california+roofing+companies/@34.0968,-117.4599,12z/",Fontana,roofing companies
"https://www.google.com/maps/search/moreno+valley+california+roofing+companies/@33.9244,-117.2045,12z/",Moreno Valley,roofing companies
"https://www.google.com/maps/search/santa+barbara+california+roofing+companies/@34.4285,-119.7202,12z/",Santa Barbara,roofing companies
"https://www.google.com/maps/search/yonkers+new+york+roofing+companies/@40.9466,-73.8673,12z/",Yonkers,roofing companies
"https://www.google.com/maps/search/huntington+beach+california+roofing+companies/@33.696,-118.0018,12z/",Huntington Beach,roofing companies
"https://www.google.com/maps/search/glendale+california+roofing+companies/@34.1819,-118.2468,12z/",Glendale,roofing companies
"https://www.google.com/maps/search/aurora+illinois+roofing+companies/@41.7638,-88.2902,12z/",Aurora,roofing companies
"https://www.google.com/maps/search/sunrise+manor+nevada+roofing+companies/@36.1783,-115.0487,12z/",Sunrise Manor,roofing companies
"https://www.google.com/maps/search/paradise+nevada+roofing+companies/@36.0872,-115.1355,12z/",Paradise,roofing companies
"https://www.google.com/maps/search/tempe+arizona+roofing+companies/@33.3881,-111.9319,12z/",Tempe,roofing companies
"https://www.google.com/maps/search/salinas+california+roofing+companies/@36.6883,-121.6317,12z/",Salinas,roofing companies
"https://www.google.com/maps/search/erie+pennsylvania+roofing+companies/@42.1167,-80.0733,12z/",Erie,roofing companies
"https://www.google.com/maps/search/waterbury+connecticut+roofing+companies/@41.5582,-73.0361,12z/",Waterbury,roofing companies
"https://www.google.com/maps/search/vancouver+washington+roofing+companies/@45.6366,-122.5967,12z/",Vancouver,roofing companies
"https://www.google.com/maps/search/fort+lauderdale+florida+roofing+companies/@26.1412,-80.1464,12z/",Fort Lauderdale,roofing companies
"https://www.google.com/maps/search/rancho+cucamonga+california+roofing+companies/@34.1247,-117.5667,12z/",Rancho Cucamonga,roofing companies
"https://www.google.com/maps/search/vallejo+california+roofing+companies/@38.1125,-122.2342,12z/",Vallejo,roofing companies
"https://www.google.com/maps/search/oceanside+california+roofing+companies/@33.2247,-117.3083,12z/",Oceanside,roofing companies
"https://www.google.com/maps/search/elk+grove+california+roofing+companies/@38.4161,-121.3842,12z/",Elk Grove,roofing companies
"https://www.google.com/maps/search/garden+grove+california+roofing+companies/@33.7787,-117.9601,12z/",Garden Grove,roofing companies
"https://www.google.com/maps/search/pembroke+pines+florida+roofing+companies/@26.0128,-80.3382,12z/",Pembroke Pines,roofing companies
"https://www.google.com/maps/search/corona+california+roofing+companies/@33.8616,-117.5649,12z/",Corona,roofing companies
"https://www.google.com/maps/search/santa+cruz+california+roofing+companies/@36.9789,-122.0346,12z/",Santa Cruz,roofing companies
"https://www.google.com/maps/search/alexandria+virginia+roofing+companies/@38.8185,-77.0861,12z/",Alexandria,roofing companies
"https://www.google.com/maps/search/bayam贸n+puerto+rico+roofing+companies/@18.3794,-66.1635,12z/",Bayam贸n,roofing companies
"https://www.google.com/maps/search/hollywood+florida+roofing+companies/@26.0293,-80.1679,12z/",Hollywood,roofing companies
"https://www.google.com/maps/search/champaign+illinois+roofing+companies/@40.1142,-88.2737,12z/",Champaign,roofing companies
"https://www.google.com/maps/search/sunnyvale+california+roofing+companies/@37.3836,-122.0255,12z/",Sunnyvale,roofing companies
"https://www.google.com/maps/search/pomona+california+roofing+companies/@34.0585,-117.7626,12z/",Pomona,roofing companies
"https://www.google.com/maps/search/escondido+california+roofing+companies/@33.1348,-117.0723,12z/",Escondido,roofing companies
"https://www.google.com/maps/search/new+bedford+massachusetts+roofing+companies/@41.6697,-70.9428,12z/",New Bedford,roofing companies
"https://www.google.com/maps/search/naperville+illinois+roofing+companies/@41.748,-88.1659,12z/",Naperville,roofing companies
"https://www.google.com/maps/search/binghamton+new+york+roofing+companies/@42.1014,-75.9093,12z/",Binghamton,roofing companies
"https://www.google.com/maps/search/bellevue+washington+roofing+companies/@47.5951,-122.1535,12z/",Bellevue,roofing companies
"https://www.google.com/maps/search/paterson+new+jersey+roofing+companies/@40.9147,-74.1624,12z/",Paterson,roofing companies
"https://www.google.com/maps/search/torrance+california+roofing+companies/@33.8346,-118.3416,12z/",Torrance,roofing companies
"https://www.google.com/maps/search/thornton+colorado+roofing+companies/@39.9197,-104.9438,12z/",Thornton,roofing companies
"https://www.google.com/maps/search/pasadena+california+roofing+companies/@34.1597,-118.139,12z/",Pasadena,roofing companies
"https://www.google.com/maps/search/fullerton+california+roofing+companies/@33.8841,-117.9279,12z/",Fullerton,roofing companies
"https://www.google.com/maps/search/miramar+florida+roofing+companies/@25.9773,-80.3351,12z/",Miramar,roofing companies
"https://www.google.com/maps/search/orange+california+roofing+companies/@33.8038,-117.8218,12z/",Orange,roofing companies
"https://www.google.com/maps/search/santa+maria+california+roofing+companies/@34.9333,-120.4431,12z/",Santa Maria,roofing companies
"https://www.google.com/maps/search/metairie+louisiana+roofing+companies/@29.9977,-90.178,12z/",Metairie,roofing companies
"https://www.google.com/maps/search/carrollton+texas+roofing+companies/@32.989,-96.8999,12z/",Carrollton,roofing companies
"https://www.google.com/maps/search/west+valley+city+utah+roofing+companies/@40.6886,-112.0123,12z/",West Valley City,roofing companies
"https://www.google.com/maps/search/racine+wisconsin+roofing+companies/@42.7274,-87.8135,12z/",Racine,roofing companies
"https://www.google.com/maps/search/carolina+puerto+rico+roofing+companies/@18.4054,-65.9792,12z/",Carolina,roofing companies
"https://www.google.com/maps/search/warren+michigan+roofing+companies/@42.4934,-83.027,12z/",Warren,roofing companies
"https://www.google.com/maps/search/coral+springs+florida+roofing+companies/@26.2702,-80.2591,12z/",Coral Springs,roofing companies
"https://www.google.com/maps/search/sterling+heights+michigan+roofing+companies/@42.5809,-83.0305,12z/",Sterling Heights,roofing companies
"https://www.google.com/maps/search/kent+washington+roofing+companies/@47.3887,-122.2128,12z/",Kent,roofing companies
"https://www.google.com/maps/search/elizabeth+new+jersey+roofing+companies/@40.6658,-74.1913,12z/",Elizabeth,roofing companies
"https://www.google.com/maps/search/santa+clara+california+roofing+companies/@37.3646,-121.968,12z/",Santa Clara,roofing companies
"https://www.google.com/maps/search/yuba+city+california+roofing+companies/@39.1357,-121.6383,12z/",Yuba City,roofing companies
"https://www.google.com/maps/search/berkeley+california+roofing+companies/@37.8722,-122.276,12z/",Berkeley,roofing companies
"https://www.google.com/maps/search/boulder+colorado+roofing+companies/@40.0248,-105.2524,12z/",Boulder,roofing companies
"https://www.google.com/maps/search/east+los+angeles+california+roofing+companies/@34.0326,-118.1691,12z/",East Los Angeles,roofing companies
"https://www.google.com/maps/search/chicago+illinois+excavation+companies/@41.8375,-87.6866,12z/",Chicago,excavation companies
"https://www.google.com/maps/search/miami+florida+excavation+companies/@25.784,-80.2101,12z/",Miami,excavation companies
"https://www.google.com/maps/search/dallas+texas+excavation+companies/@32.7935,-96.7667,12z/",Dallas,excavation companies
"https://www.google.com/maps/search/philadelphia+pennsylvania+excavation+companies/@40.0077,-75.1339,12z/",Philadelphia,excavation companies
"https://www.google.com/maps/search/atlanta+georgia+excavation+companies/@33.7628,-84.422,12z/",Atlanta,excavation companies
"https://www.google.com/maps/search/washington+district+of+columbia+excavation+companies/@38.9047,-77.0163,12z/",Washington,excavation companies
"https://www.google.com/maps/search/boston+massachusetts+excavation+companies/@42.3188,-71.0852,12z/",Boston,excavation companies
"https://www.google.com/maps/search/detroit+michigan+excavation+companies/@42.3834,-83.1024,12z/",Detroit,excavation companies
"https://www.google.com/maps/search/san+francisco+california+excavation+companies/@37.7558,-122.4449,12z/",San Francisco,excavation companies
"https://www.google.com/maps/search/seattle+washington+excavation+companies/@47.6211,-122.3244,12z/",Seattle,excavation companies
"https://www.google.com/maps/search/san+diego+california+excavation+companies/@32.8313,-117.1222,12z/",San Diego,excavation companies
"https://www.google.com/maps/search/minneapolis+minnesota+excavation+companies/@44.9635,-93.2678,12z/",Minneapolis,excavation companies
"https://www.google.com/maps/search/brooklyn+new+york+excavation+companies/@40.6501,-73.9496,12z/",Brooklyn,excavation companies
"https://www.google.com/maps/search/denver+colorado+excavation+companies/@39.762,-104.8758,12z/",Denver,excavation companies
"https://www.google.com/maps/search/queens+new+york+excavation+companies/@40.7498,-73.7976,12z/",Queens,excavation companies
"https://www.google.com/maps/search/baltimore+maryland+excavation+companies/@39.3051,-76.6144,12z/",Baltimore,excavation companies
"https://www.google.com/maps/search/las+vegas+nevada+excavation+companies/@36.2333,-115.2654,12z/",Las Vegas,excavation companies
"https://www.google.com/maps/search/st.+louis+missouri+excavation+companies/@38.6359,-90.2451,12z/",St. Louis,excavation companies
"https://www.google.com/maps/search/riverside+california+excavation+companies/@33.9381,-117.3949,12z/",Riverside,excavation companies
"https://www.google.com/maps/search/portland+oregon+excavation+companies/@45.5371,-122.65,12z/",Portland,excavation companies
"https://www.google.com/maps/search/sacramento+california+excavation+companies/@38.5677,-121.4685,12z/",Sacramento,excavation companies
"https://www.google.com/maps/search/san+juan+puerto+rico+excavation+companies/@18.3985,-66.061,12z/",San Juan,excavation companies
"https://www.google.com/maps/search/san+jose+california+excavation+companies/@37.3012,-121.848,12z/",San Jose,excavation companies
"https://www.google.com/maps/search/cleveland+ohio+excavation+companies/@41.4764,-81.6805,12z/",Cleveland,excavation companies
"https://www.google.com/maps/search/pittsburgh+pennsylvania+excavation+companies/@40.4397,-79.9763,12z/",Pittsburgh,excavation companies
"https://www.google.com/maps/search/manhattan+new+york+excavation+companies/@40.7834,-73.9662,12z/",Manhattan,excavation companies
"https://www.google.com/maps/search/cincinnati+ohio+excavation+companies/@39.1413,-84.506,12z/",Cincinnati,excavation companies
"https://www.google.com/maps/search/columbus+ohio+excavation+companies/@39.9862,-82.9855,12z/",Columbus,excavation companies
"https://www.google.com/maps/search/bronx+new+york+excavation+companies/@40.8501,-73.8662,12z/",Bronx,excavation companies
"https://www.google.com/maps/search/milwaukee+wisconsin+excavation+companies/@43.0642,-87.9675,12z/",Milwaukee,excavation companies
"https://www.google.com/maps/search/providence+rhode+island+excavation+companies/@41.823,-71.4187,12z/",Providence,excavation companies
"https://www.google.com/maps/search/richmond+virginia+excavation+companies/@37.5295,-77.4756,12z/",Richmond,excavation companies
"https://www.google.com/maps/search/bridgeport+connecticut+excavation+companies/@41.1918,-73.1954,12z/",Bridgeport,excavation companies
"https://www.google.com/maps/search/buffalo+new+york+excavation+companies/@42.9018,-78.8487,12z/",Buffalo,excavation companies
"https://www.google.com/maps/search/hartford+connecticut+excavation+companies/@41.7661,-72.6834,12z/",Hartford,excavation companies
"https://www.google.com/maps/search/honolulu+hawaii+excavation+companies/@21.3294,-157.846,12z/",Honolulu,excavation companies
"https://www.google.com/maps/search/sarasota+florida+excavation+companies/@27.3387,-82.5432,12z/",Sarasota,excavation companies
"https://www.google.com/maps/search/rochester+new+york+excavation+companies/@43.168,-77.6162,12z/",Rochester,excavation companies
"https://www.google.com/maps/search/fresno+california+excavation+companies/@36.783,-119.7939,12z/",Fresno,excavation companies
"https://www.google.com/maps/search/allentown+pennsylvania+excavation+companies/@40.5961,-75.4756,12z/",Allentown,excavation companies
"https://www.google.com/maps/search/concord+california+excavation+companies/@37.9722,-122.0016,12z/",Concord,excavation companies
"https://www.google.com/maps/search/springfield+massachusetts+excavation+companies/@42.1155,-72.5395,12z/",Springfield,excavation companies
"https://www.google.com/maps/search/grand+rapids+michigan+excavation+companies/@42.9619,-85.6562,12z/",Grand Rapids,excavation companies
"https://www.google.com/maps/search/mission+viejo+california+excavation+companies/@33.6096,-117.6551,12z/",Mission Viejo,excavation companies
"https://www.google.com/maps/search/albany+new+york+excavation+companies/@42.6664,-73.7987,12z/",Albany,excavation companies
"https://www.google.com/maps/search/new+haven+connecticut+excavation+companies/@41.3113,-72.9246,12z/",New Haven,excavation companies
"https://www.google.com/maps/search/worcester+massachusetts+excavation+companies/@42.2705,-71.8079,12z/",Worcester,excavation companies
"https://www.google.com/maps/search/mesa+arizona+excavation+companies/@33.4015,-111.7178,12z/",Mesa,excavation companies
"https://www.google.com/maps/search/staten+island+new+york+excavation+companies/@40.5834,-74.1496,12z/",Staten Island,excavation companies
"https://www.google.com/maps/search/harrisburg+pennsylvania+excavation+companies/@40.2752,-76.8843,12z/",Harrisburg,excavation companies
"https://www.google.com/maps/search/long+beach+california+excavation+companies/@33.7977,-118.167,12z/",Long Beach,excavation companies
"https://www.google.com/maps/search/lancaster+pennsylvania+excavation+companies/@40.042,-76.3012,12z/",Lancaster,excavation companies
"https://www.google.com/maps/search/poughkeepsie+new+york+excavation+companies/@41.695,-73.9211,12z/",Poughkeepsie,excavation companies
"https://www.google.com/maps/search/oakland+california+excavation+companies/@37.7904,-122.2166,12z/",Oakland,excavation companies
"https://www.google.com/maps/search/syracuse+new+york+excavation+companies/@43.0407,-76.1437,12z/",Syracuse,excavation companies
"https://www.google.com/maps/search/arlington+texas+excavation+companies/@32.6998,-97.125,12z/",Arlington,excavation companies
"https://www.google.com/maps/search/stockton+california+excavation+companies/@37.9765,-121.3109,12z/",Stockton,excavation companies
"https://www.google.com/maps/search/oxnard+california+excavation+companies/@34.1964,-119.1815,12z/",Oxnard,excavation companies
"https://www.google.com/maps/search/modesto+california+excavation+companies/@37.6375,-121.0028,12z/",Modesto,excavation companies
"https://www.google.com/maps/search/anaheim+california+excavation+companies/@33.839,-117.8574,12z/",Anaheim,excavation companies
"https://www.google.com/maps/search/santa+ana+california+excavation+companies/@33.7367,-117.8819,12z/",Santa Ana,excavation companies
"https://www.google.com/maps/search/ann+arbor+michigan+excavation+companies/@42.2759,-83.731,12z/",Ann Arbor,excavation companies
"https://www.google.com/maps/search/santa+rosa+california+excavation+companies/@38.4458,-122.7067,12z/",Santa Rosa,excavation companies
"https://www.google.com/maps/search/antioch+california+excavation+companies/@37.9787,-121.796,12z/",Antioch,excavation companies
"https://www.google.com/maps/search/st.+paul+minnesota+excavation+companies/@44.9478,-93.1039,12z/",St. Paul,excavation companies
"https://www.google.com/maps/search/trenton+new+jersey+excavation+companies/@40.2237,-74.7641,12z/",Trenton,excavation companies
"https://www.google.com/maps/search/plano+texas+excavation+companies/@33.0502,-96.7486,12z/",Plano,excavation companies
"https://www.google.com/maps/search/round+lake+beach+illinois+excavation+companies/@42.3791,-88.0811,12z/",Round Lake Beach,excavation companies
"https://www.google.com/maps/search/newark+new+jersey+excavation+companies/@40.7245,-74.1725,12z/",Newark,excavation companies
"https://www.google.com/maps/search/reading+pennsylvania+excavation+companies/@40.34,-75.9267,12z/",Reading,excavation companies
"https://www.google.com/maps/search/irvine+california+excavation+companies/@33.6772,-117.7738,12z/",Irvine,excavation companies
"https://www.google.com/maps/search/eugene+oregon+excavation+companies/@44.0564,-123.1174,12z/",Eugene,excavation companies
"https://www.google.com/maps/search/chula+vista+california+excavation+companies/@32.6281,-117.0144,12z/",Chula Vista,excavation companies
"https://www.google.com/maps/search/st.+petersburg+florida+excavation+companies/@27.7931,-82.6652,12z/",St. Petersburg,excavation companies
"https://www.google.com/maps/search/jersey+city+new+jersey+excavation+companies/@40.7184,-74.0686,12z/",Jersey City,excavation companies
"https://www.google.com/maps/search/aguadilla+puerto+rico+excavation+companies/@18.4382,-67.1537,12z/",Aguadilla,excavation companies
"https://www.google.com/maps/search/chandler+arizona+excavation+companies/@33.2825,-111.8514,12z/",Chandler,excavation companies
"https://www.google.com/maps/search/glendale+arizona+excavation+companies/@33.5791,-112.2311,12z/",Glendale,excavation companies
"https://www.google.com/maps/search/norfolk+virginia+excavation+companies/@36.8945,-76.259,12z/",Norfolk,excavation companies
"https://www.google.com/maps/search/garland+texas+excavation+companies/@32.91,-96.6304,12z/",Garland,excavation companies
"https://www.google.com/maps/search/york+pennsylvania+excavation+companies/@39.9651,-76.7315,12z/",York,excavation companies
"https://www.google.com/maps/search/arlington+virginia+excavation+companies/@38.8786,-77.1011,12z/",Arlington,excavation companies
"https://www.google.com/maps/search/hialeah+florida+excavation+companies/@25.8696,-80.3045,12z/",Hialeah,excavation companies
"https://www.google.com/maps/search/spring+valley+nevada+excavation+companies/@36.0952,-115.2636,12z/",Spring Valley,excavation companies
"https://www.google.com/maps/search/tacoma+washington+excavation+companies/@47.2431,-122.4531,12z/",Tacoma,excavation companies
"https://www.google.com/maps/search/fontana+california+excavation+companies/@34.0968,-117.4599,12z/",Fontana,excavation companies
"https://www.google.com/maps/search/moreno+valley+california+excavation+companies/@33.9244,-117.2045,12z/",Moreno Valley,excavation companies
"https://www.google.com/maps/search/santa+barbara+california+excavation+companies/@34.4285,-119.7202,12z/",Santa Barbara,excavation companies
"https://www.google.com/maps/search/yonkers+new+york+excavation+companies/@40.9466,-73.8673,12z/",Yonkers,excavation companies
"https://www.google.com/maps/search/huntington+beach+california+excavation+companies/@33.696,-118.0018,12z/",Huntington Beach,excavation companies
"https://www.google.com/maps/search/glendale+california+excavation+companies/@34.1819,-118.2468,12z/",Glendale,excavation companies
"https://www.google.com/maps/search/aurora+illinois+excavation+companies/@41.7638,-88.2902,12z/",Aurora,excavation companies
"https://www.google.com/maps/search/sunrise+manor+nevada+excavation+companies/@36.1783,-115.0487,12z/",Sunrise Manor,excavation companies
"https://www.google.com/maps/search/paradise+nevada+excavation+companies/@36.0872,-115.1355,12z/",Paradise,excavation companies
"https://www.google.com/maps/search/tempe+arizona+excavation+companies/@33.3881,-111.9319,12z/",Tempe,excavation companies
"https://www.google.com/maps/search/salinas+california+excavation+companies/@36.6883,-121.6317,12z/",Salinas,excavation companies
"https://www.google.com/maps/search/erie+pennsylvania+excavation+companies/@42.1167,-80.0733,12z/",Erie,excavation companies
"https://www.google.com/maps/search/waterbury+connecticut+excavation+companies/@41.5582,-73.0361,12z/",Waterbury,excavation companies
"https://www.google.com/maps/search/vancouver+washington+excavation+companies/@45.6366,-122.5967,12z/",Vancouver,excavation companies
"https://www.google.com/maps/search/fort+lauderdale+florida+excavation+companies/@26.1412,-80.1464,12z/",Fort Lauderdale,excavation companies
"https://www.google.com/maps/search/rancho+cucamonga+california+excavation+companies/@34.1247,-117.5667,12z/",Rancho Cucamonga,excavation companies
"https://www.google.com/maps/search/vallejo+california+excavation+companies/@38.1125,-122.2342,12z/",Vallejo,excavation companies
"https://www.google.com/maps/search/oceanside+california+excavation+companies/@33.2247,-117.3083,12z/",Oceanside,excavation companies
"https://www.google.com/maps/search/elk+grove+california+excavation+companies/@38.4161,-121.3842,12z/",Elk Grove,excavation companies
"https://www.google.com/maps/search/garden+grove+california+excavation+companies/@33.7787,-117.9601,12z/",Garden Grove,excavation companies
"https://www.google.com/maps/search/pembroke+pines+florida+excavation+companies/@26.0128,-80.3382,12z/",Pembroke Pines,excavation companies
"https://www.google.com/maps/search/corona+california+excavation+companies/@33.8616,-117.5649,12z/",Corona,excavation companies
"https://www.google.com/maps/search/santa+cruz+california+excavation+companies/@36.9789,-122.0346,12z/",Santa Cruz,excavation companies
"https://www.google.com/maps/search/alexandria+virginia+excavation+companies/@38.8185,-77.0861,12z/",Alexandria,excavation companies
"https://www.google.com/maps/search/bayam贸n+puerto+rico+excavation+companies/@18.3794,-66.1635,12z/",Bayam贸n,excavation companies
"https://www.google.com/maps/search/hollywood+florida+excavation+companies/@26.0293,-80.1679,12z/",Hollywood,excavation companies
"https://www.google.com/maps/search/champaign+illinois+excavation+companies/@40.1142,-88.2737,12z/",Champaign,excavation companies
"https://www.google.com/maps/search/sunnyvale+california+excavation+companies/@37.3836,-122.0255,12z/",Sunnyvale,excavation companies
"https://www.google.com/maps/search/pomona+california+excavation+companies/@34.0585,-117.7626,12z/",Pomona,excavation companies
"https://www.google.com/maps/search/escondido+california+excavation+companies/@33.1348,-117.0723,12z/",Escondido,excavation companies
"https://www.google.com/maps/search/new+bedford+massachusetts+excavation+companies/@41.6697,-70.9428,12z/",New Bedford,excavation companies
"https://www.google.com/maps/search/naperville+illinois+excavation+companies/@41.748,-88.1659,12z/",Naperville,excavation companies
"https://www.google.com/maps/search/binghamton+new+york+excavation+companies/@42.1014,-75.9093,12z/",Binghamton,excavation companies
"https://www.google.com/maps/search/bellevue+washington+excavation+companies/@47.5951,-122.1535,12z/",Bellevue,excavation companies
"https://www.google.com/maps/search/paterson+new+jersey+excavation+companies/@40.9147,-74.1624,12z/",Paterson,excavation companies
"https://www.google.com/maps/search/torrance+california+excavation+companies/@33.8346,-118.3416,12z/",Torrance,excavation companies
"https://www.google.com/maps/search/thornton+colorado+excavation+companies/@39.9197,-104.9438,12z/",Thornton,excavation companies
"https://www.google.com/maps/search/pasadena+california+excavation+companies/@34.1597,-118.139,12z/",Pasadena,excavation companies
"https://www.google.com/maps/search/fullerton+california+excavation+companies/@33.8841,-117.9279,12z/",Fullerton,excavation companies
"https://www.google.com/maps/search/miramar+florida+excavation+companies/@25.9773,-80.3351,12z/",Miramar,excavation companies
"https://www.google.com/maps/search/orange+california+excavation+companies/@33.8038,-117.8218,12z/",Orange,excavation companies
"https://www.google.com/maps/search/santa+maria+california+excavation+companies/@34.9333,-120.4431,12z/",Santa Maria,excavation companies
"https://www.google.com/maps/search/metairie+louisiana+excavation+companies/@29.9977,-90.178,12z/",Metairie,excavation companies
"https://www.google.com/maps/search/carrollton+texas+excavation+companies/@32.989,-96.8999,12z/",Carrollton,excavation companies
"https://www.google.com/maps/search/west+valley+city+utah+excavation+companies/@40.6886,-112.0123,12z/",West Valley City,excavation companies
"https://www.google.com/maps/search/racine+wisconsin+excavation+companies/@42.7274,-87.8135,12z/",Racine,excavation companies
"https://www.google.com/maps/search/carolina+puerto+rico+excavation+companies/@18.4054,-65.9792,12z/",Carolina,excavation companies
"https://www.google.com/maps/search/warren+michigan+excavation+companies/@42.4934,-83.027,12z/",Warren,excavation companies
"https://www.google.com/maps/search/coral+springs+florida+excavation+companies/@26.2702,-80.2591,12z/",Coral Springs,excavation companies
"https://www.google.com/maps/search/sterling+heights+michigan+excavation+companies/@42.5809,-83.0305,12z/",Sterling Heights,excavation companies
"https://www.google.com/maps/search/kent+washington+excavation+companies/@47.3887,-122.2128,12z/",Kent,excavation companies
"https://www.google.com/maps/search/elizabeth+new+jersey+excavation+companies/@40.6658,-74.1913,12z/",Elizabeth,excavation companies
"https://www.google.com/maps/search/santa+clara+california+excavation+companies/@37.3646,-121.968,12z/",Santa Clara,excavation companies
"https://www.google.com/maps/search/yuba+city+california+excavation+companies/@39.1357,-121.6383,12z/",Yuba City,excavation companies
"https://www.google.com/maps/search/berkeley+california+excavation+companies/@37.8722,-122.276,12z/",Berkeley,excavation companies
"https://www.google.com/maps/search/boulder+colorado+excavation+companies/@40.0248,-105.2524,12z/",Boulder,excavation companies
"https://www.google.com/maps/search/east+los+angeles+california+excavation+companies/@34.0326,-118.1691,12z/",East Los Angeles,excavation companies
